,url,user_id,complete
0,https://www.pixiv.net/users/5371964,5371964,
1,https://www.pixiv.net/users/5151250,5151250,
2,https://www.pixiv.net/users/3779517,3779517,
3,https://www.pixiv.net/users/31604541,31604541,
4,https://www.pixiv.net/users/13779480,13779480,
5,https://www.pixiv.net/users/9216952,9216952,
6,https://www.pixiv.net/users/8413186,8413186,
7,https://www.pixiv.net/users/21995968,21995968,
8,https://www.pixiv.net/users/15847203,15847203,
9,https://www.pixiv.net/users/7620788,7620788,
10,https://www.pixiv.net/users/10899738,10899738,
11,https://www.pixiv.net/users/15705933,15705933,
12,https://www.pixiv.net/users/1341877,1341877,
13,https://www.pixiv.net/users/46194,46194,
14,https://www.pixiv.net/users/5596229,5596229,
15,https://www.pixiv.net/users/19731971,19731971,
16,https://www.pixiv.net/users/27591308,27591308,
17,https://www.pixiv.net/users/2827964,2827964,
18,https://www.pixiv.net/users/22055974,22055974,
19,https://www.pixiv.net/users/40370877,40370877,
20,https://www.pixiv.net/users/39384224,39384224,
21,https://www.pixiv.net/users/13590240,13590240,
22,https://www.pixiv.net/users/25169641,25169641,
23,https://www.pixiv.net/users/3664310,3664310,
24,https://www.pixiv.net/users/16331597,16331597,
25,https://www.pixiv.net/users/4480830,4480830,
26,https://www.pixiv.net/users/14205429,14205429,
27,https://www.pixiv.net/users/5155946,5155946,
28,https://www.pixiv.net/users/1589657,1589657,
29,https://www.pixiv.net/users/2254287,2254287,
30,https://www.pixiv.net/users/1243867,1243867,
31,https://www.pixiv.net/users/30934544,30934544,
32,https://www.pixiv.net/users/10272247,10272247,
33,https://www.pixiv.net/users/19267361,19267361,
34,https://www.pixiv.net/users/19792407,19792407,
35,https://www.pixiv.net/users/8888182,8888182,
36,https://www.pixiv.net/users/2846708,2846708,
37,https://www.pixiv.net/users/3402936,3402936,
38,https://www.pixiv.net/users/2550839,2550839,
39,https://www.pixiv.net/users/9406623,9406623,
40,https://www.pixiv.net/users/6226365,6226365,
41,https://www.pixiv.net/users/2338190,2338190,
42,https://www.pixiv.net/users/17240028,17240028,
43,https://www.pixiv.net/users/25486006,25486006,
44,https://www.pixiv.net/users/105026,105026,
45,https://www.pixiv.net/users/24804871,24804871,
46,https://www.pixiv.net/users/38850888,38850888,
47,https://www.pixiv.net/users/10852879,10852879,
48,https://www.pixiv.net/users/3303798,3303798,
49,https://www.pixiv.net/users/1391461,1391461,
50,https://www.pixiv.net/users/1169932,1169932,
51,https://www.pixiv.net/users/2059725,2059725,
52,https://www.pixiv.net/users/95886,95886,
53,https://www.pixiv.net/users/9347563,9347563,
54,https://www.pixiv.net/users/3779820,3779820,
55,https://www.pixiv.net/users/5768971,5768971,
56,https://www.pixiv.net/users/2573035,2573035,
57,https://www.pixiv.net/users/10950860,10950860,
58,https://www.pixiv.net/users/2166892,2166892,
59,https://www.pixiv.net/users/843975,843975,
60,https://www.pixiv.net/users/418969,418969,
61,https://www.pixiv.net/users/1960050,1960050,
62,https://www.pixiv.net/users/7210261,7210261,
63,https://www.pixiv.net/users/6662895,6662895,
64,https://www.pixiv.net/users/5718940,5718940,
65,https://www.pixiv.net/users/3270119,3270119,
66,https://www.pixiv.net/users/4568354,4568354,
67,https://www.pixiv.net/users/6327914,6327914,
68,https://www.pixiv.net/users/39141472,39141472,
69,https://www.pixiv.net/users/21735899,21735899,
70,https://www.pixiv.net/users/19464030,19464030,
71,https://www.pixiv.net/users/9127296,9127296,
72,https://www.pixiv.net/users/7640889,7640889,
73,https://www.pixiv.net/users/837839,837839,
74,https://www.pixiv.net/users/6147118,6147118,
75,https://www.pixiv.net/users/6508946,6508946,
76,https://www.pixiv.net/users/23945843,23945843,
77,https://www.pixiv.net/users/1122006,1122006,
78,https://www.pixiv.net/users/4872389,4872389,
79,https://www.pixiv.net/users/9675329,9675329,
80,https://www.pixiv.net/users/1893126,1893126,
81,https://www.pixiv.net/users/2750098,2750098,
82,https://www.pixiv.net/users/6210796,6210796,
83,https://www.pixiv.net/users/2302136,2302136,
84,https://www.pixiv.net/users/1843280,1843280,
85,https://www.pixiv.net/users/12350894,12350894,
86,https://www.pixiv.net/users/29694453,29694453,
87,https://www.pixiv.net/users/41751245,41751245,
88,https://www.pixiv.net/users/17921286,17921286,
89,https://www.pixiv.net/users/25628614,25628614,
90,https://www.pixiv.net/users/49973194,49973194,
91,https://www.pixiv.net/users/9857110,9857110,
92,https://www.pixiv.net/users/586538,586538,
93,https://www.pixiv.net/users/22143907,22143907,
94,https://www.pixiv.net/users/45756527,45756527,
95,https://www.pixiv.net/users/32918932,32918932,
96,https://www.pixiv.net/users/12501110,12501110,
97,https://www.pixiv.net/users/13298047,13298047,
98,https://www.pixiv.net/users/14325286,14325286,
99,https://www.pixiv.net/users/14540717,14540717,
100,https://www.pixiv.net/users/431880,431880,
101,https://www.pixiv.net/users/14810421,14810421,
102,https://www.pixiv.net/users/6703876,6703876,
103,https://www.pixiv.net/users/4405891,4405891,
104,https://www.pixiv.net/users/444942,444942,
105,https://www.pixiv.net/users/2072998,2072998,
106,https://www.pixiv.net/users/1256517,1256517,
107,https://www.pixiv.net/users/158034,158034,
108,https://www.pixiv.net/users/5668238,5668238,
109,https://www.pixiv.net/users/31027429,31027429,
110,https://www.pixiv.net/users/46994695,46994695,
111,https://www.pixiv.net/users/221597,221597,
112,https://www.pixiv.net/users/15260348,15260348,
113,https://www.pixiv.net/users/23034,23034,
114,https://www.pixiv.net/users/8629982,8629982,
115,https://www.pixiv.net/users/13409,13409,
116,https://www.pixiv.net/users/395595,395595,
117,https://www.pixiv.net/users/2705736,2705736,
118,https://www.pixiv.net/users/189732,189732,
119,https://www.pixiv.net/users/11109673,11109673,
120,https://www.pixiv.net/users/4238462,4238462,
121,https://www.pixiv.net/users/24470135,24470135,
122,https://www.pixiv.net/users/16629961,16629961,
123,https://www.pixiv.net/users/31659436,31659436,
124,https://www.pixiv.net/users/19855603,19855603,
125,https://www.pixiv.net/users/14878717,14878717,
126,https://www.pixiv.net/users/19025318,19025318,
127,https://www.pixiv.net/users/4364096,4364096,
128,https://www.pixiv.net/users/6141167,6141167,
129,https://www.pixiv.net/users/5445450,5445450,
130,https://www.pixiv.net/users/28603589,28603589,
131,https://www.pixiv.net/users/27060505,27060505,
132,https://www.pixiv.net/users/1198913,1198913,
133,https://www.pixiv.net/users/12838739,12838739,
134,https://www.pixiv.net/users/6908845,6908845,
135,https://www.pixiv.net/users/14945620,14945620,
136,https://www.pixiv.net/users/12120406,12120406,
137,https://www.pixiv.net/users/9155411,9155411,
138,https://www.pixiv.net/users/39743911,39743911,
139,https://www.pixiv.net/users/14068082,14068082,
140,https://www.pixiv.net/users/10797546,10797546,
141,https://www.pixiv.net/users/27832100,27832100,
142,https://www.pixiv.net/users/26766100,26766100,
143,https://www.pixiv.net/users/3237998,3237998,
144,https://www.pixiv.net/users/7847900,7847900,
145,https://www.pixiv.net/users/1659604,1659604,
146,https://www.pixiv.net/users/3628104,3628104,
147,https://www.pixiv.net/users/20671215,20671215,
148,https://www.pixiv.net/users/7211673,7211673,
149,https://www.pixiv.net/users/16419396,16419396,
150,https://www.pixiv.net/users/5160603,5160603,
151,https://www.pixiv.net/users/15058979,15058979,
152,https://www.pixiv.net/users/14942743,14942743,
153,https://www.pixiv.net/users/24332472,24332472,
154,https://www.pixiv.net/users/5767927,5767927,
155,https://www.pixiv.net/users/9179392,9179392,
156,https://www.pixiv.net/users/12573389,12573389,
157,https://www.pixiv.net/users/40248924,40248924,
158,https://www.pixiv.net/users/46954855,46954855,
159,https://www.pixiv.net/users/20729205,20729205,
160,https://www.pixiv.net/users/29589772,29589772,
161,https://www.pixiv.net/users/6818398,6818398,
162,https://www.pixiv.net/users/1202914,1202914,
163,https://www.pixiv.net/users/18960704,18960704,
164,https://www.pixiv.net/users/23946253,23946253,
165,https://www.pixiv.net/users/676725,676725,
166,https://www.pixiv.net/users/5383046,5383046,
167,https://www.pixiv.net/users/1019732,1019732,
168,https://www.pixiv.net/users/14046928,14046928,
169,https://www.pixiv.net/users/6957790,6957790,
170,https://www.pixiv.net/users/2864095,2864095,
171,https://www.pixiv.net/users/17438312,17438312,
172,https://www.pixiv.net/users/24234,24234,
173,https://www.pixiv.net/users/23677722,23677722,
174,https://www.pixiv.net/users/8129277,8129277,
175,https://www.pixiv.net/users/24359642,24359642,
176,https://www.pixiv.net/users/4265931,4265931,
177,https://www.pixiv.net/users/28874314,28874314,
178,https://www.pixiv.net/users/9532213,9532213,
179,https://www.pixiv.net/users/9043217,9043217,
180,https://www.pixiv.net/users/36565969,36565969,
181,https://www.pixiv.net/users/22175521,22175521,
182,https://www.pixiv.net/users/4323260,4323260,
183,https://www.pixiv.net/users/23886304,23886304,
184,https://www.pixiv.net/users/4089680,4089680,
185,https://www.pixiv.net/users/1836747,1836747,
186,https://www.pixiv.net/users/10669991,10669991,
187,https://www.pixiv.net/users/19880053,19880053,
188,https://www.pixiv.net/users/1555970,1555970,
189,https://www.pixiv.net/users/34477003,34477003,
190,https://www.pixiv.net/users/43104406,43104406,
191,https://www.pixiv.net/users/320757,320757,
192,https://www.pixiv.net/users/44443460,44443460,
193,https://www.pixiv.net/users/11338050,11338050,
194,https://www.pixiv.net/users/16578697,16578697,
195,https://www.pixiv.net/users/273185,273185,
196,https://www.pixiv.net/users/3272487,3272487,
197,https://www.pixiv.net/users/12676132,12676132,
198,https://www.pixiv.net/users/10381446,10381446,
199,https://www.pixiv.net/users/441987,441987,
200,https://www.pixiv.net/users/26690900,26690900,
201,https://www.pixiv.net/users/13379747,13379747,
202,https://www.pixiv.net/users/3452804,3452804,
203,https://www.pixiv.net/users/5155463,5155463,
204,https://www.pixiv.net/users/17029152,17029152,
205,https://www.pixiv.net/users/13371450,13371450,
206,https://www.pixiv.net/users/42808273,42808273,
207,https://www.pixiv.net/users/30217285,30217285,
208,https://www.pixiv.net/users/16131171,16131171,
209,https://www.pixiv.net/users/29759565,29759565,
210,https://www.pixiv.net/users/14077775,14077775,
211,https://www.pixiv.net/users/3619931,3619931,
212,https://www.pixiv.net/users/44977709,44977709,
213,https://www.pixiv.net/users/18997171,18997171,
214,https://www.pixiv.net/users/50258193,50258193,
215,https://www.pixiv.net/users/465133,465133,
216,https://www.pixiv.net/users/73152,73152,
217,https://www.pixiv.net/users/258003,258003,
218,https://www.pixiv.net/users/333556,333556,
219,https://www.pixiv.net/users/20944721,20944721,
220,https://www.pixiv.net/users/3211072,3211072,
221,https://www.pixiv.net/users/3016,3016,
222,https://www.pixiv.net/users/25760573,25760573,
223,https://www.pixiv.net/users/24392,24392,
224,https://www.pixiv.net/users/1801112,1801112,
225,https://www.pixiv.net/users/1114585,1114585,
226,https://www.pixiv.net/users/201323,201323,
227,https://www.pixiv.net/users/564736,564736,
228,https://www.pixiv.net/users/5168395,5168395,
229,https://www.pixiv.net/users/29661990,29661990,
230,https://www.pixiv.net/users/2712930,2712930,
231,https://www.pixiv.net/users/2913676,2913676,
232,https://www.pixiv.net/users/260654,260654,
233,https://www.pixiv.net/users/8036182,8036182,
234,https://www.pixiv.net/users/432332,432332,
235,https://www.pixiv.net/users/27132,27132,
236,https://www.pixiv.net/users/8532469,8532469,
237,https://www.pixiv.net/users/14112962,14112962,
238,https://www.pixiv.net/users/4357504,4357504,
239,https://www.pixiv.net/users/6730789,6730789,
240,https://www.pixiv.net/users/21848666,21848666,
241,https://www.pixiv.net/users/25891894,25891894,
242,https://www.pixiv.net/users/6657532,6657532,
243,https://www.pixiv.net/users/20778107,20778107,
244,https://www.pixiv.net/users/7036095,7036095,
245,https://www.pixiv.net/users/38341435,38341435,
246,https://www.pixiv.net/users/6203904,6203904,
247,https://www.pixiv.net/users/2993192,2993192,
248,https://www.pixiv.net/users/1480420,1480420,
249,https://www.pixiv.net/users/23892375,23892375,
250,https://www.pixiv.net/users/23057174,23057174,
251,https://www.pixiv.net/users/35950308,35950308,
252,https://www.pixiv.net/users/4429013,4429013,
253,https://www.pixiv.net/users/37708,37708,
254,https://www.pixiv.net/users/28145748,28145748,
255,https://www.pixiv.net/users/4816744,4816744,
256,https://www.pixiv.net/users/37618827,37618827,
257,https://www.pixiv.net/users/3257985,3257985,
258,https://www.pixiv.net/users/8006247,8006247,
259,https://www.pixiv.net/users/25832912,25832912,
260,https://www.pixiv.net/users/3728269,3728269,
261,https://www.pixiv.net/users/400684,400684,
262,https://www.pixiv.net/users/702789,702789,
263,https://www.pixiv.net/users/7631951,7631951,
264,https://www.pixiv.net/users/3424578,3424578,
265,https://www.pixiv.net/users/14264762,14264762,
266,https://www.pixiv.net/users/41431583,41431583,
267,https://www.pixiv.net/users/16183476,16183476,
268,https://www.pixiv.net/users/7324626,7324626,
269,https://www.pixiv.net/users/1499614,1499614,
270,https://www.pixiv.net/users/871153,871153,
271,https://www.pixiv.net/users/1710950,1710950,
272,https://www.pixiv.net/users/2642047,2642047,
273,https://www.pixiv.net/users/4796752,4796752,
274,https://www.pixiv.net/users/1709432,1709432,
275,https://www.pixiv.net/users/176236,176236,
276,https://www.pixiv.net/users/16731,16731,
277,https://www.pixiv.net/users/5229572,5229572,
278,https://www.pixiv.net/users/17019837,17019837,
279,https://www.pixiv.net/users/375096,375096,
280,https://www.pixiv.net/users/29070802,29070802,
281,https://www.pixiv.net/users/2030438,2030438,
282,https://www.pixiv.net/users/3835351,3835351,
283,https://www.pixiv.net/users/23177484,23177484,
284,https://www.pixiv.net/users/14609740,14609740,
285,https://www.pixiv.net/users/2179695,2179695,
286,https://www.pixiv.net/users/3447787,3447787,
287,https://www.pixiv.net/users/30837811,30837811,
288,https://www.pixiv.net/users/292644,292644,
289,https://www.pixiv.net/users/19676972,19676972,
290,https://www.pixiv.net/users/12644196,12644196,
291,https://www.pixiv.net/users/6507172,6507172,
292,https://www.pixiv.net/users/4404759,4404759,
293,https://www.pixiv.net/users/28246124,28246124,
294,https://www.pixiv.net/users/18030901,18030901,
295,https://www.pixiv.net/users/4292709,4292709,
296,https://www.pixiv.net/users/544479,544479,
297,https://www.pixiv.net/users/93583,93583,
298,https://www.pixiv.net/users/276310,276310,
299,https://www.pixiv.net/users/35081,35081,
300,https://www.pixiv.net/users/1204169,1204169,
301,https://www.pixiv.net/users/6086,6086,
302,https://www.pixiv.net/users/795196,795196,
303,https://www.pixiv.net/users/124923,124923,
304,https://www.pixiv.net/users/68864,68864,
305,https://www.pixiv.net/users/1203800,1203800,
306,https://www.pixiv.net/users/4935,4935,
307,https://www.pixiv.net/users/517112,517112,
308,https://www.pixiv.net/users/330328,330328,
309,https://www.pixiv.net/users/101500,101500,
310,https://www.pixiv.net/users/43147719,43147719,
311,https://www.pixiv.net/users/8189060,8189060,
312,https://www.pixiv.net/users/171980,171980,
313,https://www.pixiv.net/users/219976,219976,
314,https://www.pixiv.net/users/167607,167607,
315,https://www.pixiv.net/users/92891,92891,
316,https://www.pixiv.net/users/6521,6521,
317,https://www.pixiv.net/users/561112,561112,
318,https://www.pixiv.net/users/839617,839617,
319,https://www.pixiv.net/users/86328,86328,
320,https://www.pixiv.net/users/178311,178311,
321,https://www.pixiv.net/users/268572,268572,
322,https://www.pixiv.net/users/705370,705370,
323,https://www.pixiv.net/users/263118,263118,
324,https://www.pixiv.net/users/312852,312852,
325,https://www.pixiv.net/users/1067404,1067404,
326,https://www.pixiv.net/users/239166,239166,
327,https://www.pixiv.net/users/326359,326359,
328,https://www.pixiv.net/users/21479436,21479436,
329,https://www.pixiv.net/users/1055457,1055457,
330,https://www.pixiv.net/users/1992163,1992163,
331,https://www.pixiv.net/users/5852420,5852420,
332,https://www.pixiv.net/users/4196117,4196117,
333,https://www.pixiv.net/users/884704,884704,
334,https://www.pixiv.net/users/3342475,3342475,
335,https://www.pixiv.net/users/16341384,16341384,
336,https://www.pixiv.net/users/37512151,37512151,
337,https://www.pixiv.net/users/3115085,3115085,
338,https://www.pixiv.net/users/3428351,3428351,
339,https://www.pixiv.net/users/4837211,4837211,
340,https://www.pixiv.net/users/2473967,2473967,
341,https://www.pixiv.net/users/5795415,5795415,
342,https://www.pixiv.net/users/41261,41261,
343,https://www.pixiv.net/users/136872,136872,
344,https://www.pixiv.net/users/18255,18255,
345,https://www.pixiv.net/users/2960453,2960453,
346,https://www.pixiv.net/users/63652,63652,
347,https://www.pixiv.net/users/3956139,3956139,
348,https://www.pixiv.net/users/27207,27207,
349,https://www.pixiv.net/users/40912,40912,
350,https://www.pixiv.net/users/264932,264932,
351,https://www.pixiv.net/users/26644,26644,
352,https://www.pixiv.net/users/5992466,5992466,
353,https://www.pixiv.net/users/890269,890269,
354,https://www.pixiv.net/users/578571,578571,
355,https://www.pixiv.net/users/565481,565481,
356,https://www.pixiv.net/users/809099,809099,
357,https://www.pixiv.net/users/4493551,4493551,
358,https://www.pixiv.net/users/16462721,16462721,
359,https://www.pixiv.net/users/30816400,30816400,
360,https://www.pixiv.net/users/5816407,5816407,
361,https://www.pixiv.net/users/839164,839164,
362,https://www.pixiv.net/users/3079252,3079252,
363,https://www.pixiv.net/users/6587511,6587511,
364,https://www.pixiv.net/users/34426633,34426633,
365,https://www.pixiv.net/users/6676101,6676101,
366,https://www.pixiv.net/users/9314,9314,
367,https://www.pixiv.net/users/41106591,41106591,
368,https://www.pixiv.net/users/41510503,41510503,
369,https://www.pixiv.net/users/44157509,44157509,
370,https://www.pixiv.net/users/427664,427664,
371,https://www.pixiv.net/users/711257,711257,
372,https://www.pixiv.net/users/4595297,4595297,
373,https://www.pixiv.net/users/501378,501378,
374,https://www.pixiv.net/users/15282135,15282135,
375,https://www.pixiv.net/users/4546023,4546023,
376,https://www.pixiv.net/users/4994566,4994566,
377,https://www.pixiv.net/users/7193000,7193000,
378,https://www.pixiv.net/users/200066,200066,
379,https://www.pixiv.net/users/6334904,6334904,
380,https://www.pixiv.net/users/5476137,5476137,
381,https://www.pixiv.net/users/6965885,6965885,
382,https://www.pixiv.net/users/1422816,1422816,
383,https://www.pixiv.net/users/18445234,18445234,
384,https://www.pixiv.net/users/12296581,12296581,
385,https://www.pixiv.net/users/3104565,3104565,
386,https://www.pixiv.net/users/3439325,3439325,
387,https://www.pixiv.net/users/2131660,2131660,
388,https://www.pixiv.net/users/414162,414162,
389,https://www.pixiv.net/users/23577907,23577907,
390,https://www.pixiv.net/users/26373931,26373931,
391,https://www.pixiv.net/users/8523887,8523887,
392,https://www.pixiv.net/users/25335771,25335771,
393,https://www.pixiv.net/users/12008484,12008484,
394,https://www.pixiv.net/users/26057814,26057814,
395,https://www.pixiv.net/users/3994482,3994482,
396,https://www.pixiv.net/users/9568913,9568913,
397,https://www.pixiv.net/users/27086586,27086586,
398,https://www.pixiv.net/users/4952461,4952461,
399,https://www.pixiv.net/users/72357,72357,
400,https://www.pixiv.net/users/219621,219621,
401,https://www.pixiv.net/users/111243,111243,
402,https://www.pixiv.net/users/5045,5045,
403,https://www.pixiv.net/users/46791506,46791506,
404,https://www.pixiv.net/users/4160197,4160197,
405,https://www.pixiv.net/users/29128277,29128277,
406,https://www.pixiv.net/users/28602988,28602988,
407,https://www.pixiv.net/users/5005036,5005036,
408,https://www.pixiv.net/users/5594793,5594793,
409,https://www.pixiv.net/users/3043057,3043057,
410,https://www.pixiv.net/users/13244881,13244881,
411,https://www.pixiv.net/users/12821639,12821639,
412,https://www.pixiv.net/users/39927858,39927858,
413,https://www.pixiv.net/users/13669376,13669376,
414,https://www.pixiv.net/users/45887238,45887238,
415,https://www.pixiv.net/users/39266985,39266985,
416,https://www.pixiv.net/users/42059537,42059537,
417,https://www.pixiv.net/users/3872398,3872398,
418,https://www.pixiv.net/users/801146,801146,
419,https://www.pixiv.net/users/10125263,10125263,
420,https://www.pixiv.net/users/2812786,2812786,
421,https://www.pixiv.net/users/4758948,4758948,
422,https://www.pixiv.net/users/3737802,3737802,
423,https://www.pixiv.net/users/18040488,18040488,
424,https://www.pixiv.net/users/10370608,10370608,
425,https://www.pixiv.net/users/9723389,9723389,
426,https://www.pixiv.net/users/40626692,40626692,
427,https://www.pixiv.net/users/16034374,16034374,
428,https://www.pixiv.net/users/377123,377123,
429,https://www.pixiv.net/users/346855,346855,
430,https://www.pixiv.net/users/172636,172636,
431,https://www.pixiv.net/users/1661253,1661253,
432,https://www.pixiv.net/users/6751,6751,
433,https://www.pixiv.net/users/4205119,4205119,
434,https://www.pixiv.net/users/297547,297547,
435,https://www.pixiv.net/users/1102289,1102289,
436,https://www.pixiv.net/users/10600906,10600906,
437,https://www.pixiv.net/users/4872213,4872213,
438,https://www.pixiv.net/users/7038833,7038833,
439,https://www.pixiv.net/users/4197637,4197637,
440,https://www.pixiv.net/users/20202402,20202402,
441,https://www.pixiv.net/users/22190423,22190423,
442,https://www.pixiv.net/users/787998,787998,
443,https://www.pixiv.net/users/717043,717043,
444,https://www.pixiv.net/users/3878890,3878890,
445,https://www.pixiv.net/users/894387,894387,
446,https://www.pixiv.net/users/428282,428282,
447,https://www.pixiv.net/users/652196,652196,
448,https://www.pixiv.net/users/1024922,1024922,
449,https://www.pixiv.net/users/5882183,5882183,
450,https://www.pixiv.net/users/94883,94883,
451,https://www.pixiv.net/users/18392249,18392249,
452,https://www.pixiv.net/users/19777146,19777146,
453,https://www.pixiv.net/users/413059,413059,
454,https://www.pixiv.net/users/15173392,15173392,
455,https://www.pixiv.net/users/4580058,4580058,
456,https://www.pixiv.net/users/817391,817391,
457,https://www.pixiv.net/users/13537057,13537057,
458,https://www.pixiv.net/users/5110556,5110556,
459,https://www.pixiv.net/users/16667982,16667982,
460,https://www.pixiv.net/users/18405601,18405601,
461,https://www.pixiv.net/users/28125413,28125413,
462,https://www.pixiv.net/users/5134892,5134892,
463,https://www.pixiv.net/users/29431640,29431640,
464,https://www.pixiv.net/users/42423091,42423091,
465,https://www.pixiv.net/users/44180055,44180055,
466,https://www.pixiv.net/users/1566167,1566167,
467,https://www.pixiv.net/users/29362997,29362997,
468,https://www.pixiv.net/users/3625614,3625614,
469,https://www.pixiv.net/users/64561,64561,
470,https://www.pixiv.net/users/4446530,4446530,
471,https://www.pixiv.net/users/15804839,15804839,
472,https://www.pixiv.net/users/26503386,26503386,
473,https://www.pixiv.net/users/5323203,5323203,
474,https://www.pixiv.net/users/23098486,23098486,
475,https://www.pixiv.net/users/11493783,11493783,
476,https://www.pixiv.net/users/25892105,25892105,
477,https://www.pixiv.net/users/20728711,20728711,
478,https://www.pixiv.net/users/5812080,5812080,
479,https://www.pixiv.net/users/12742306,12742306,
480,https://www.pixiv.net/users/37160491,37160491,
481,https://www.pixiv.net/users/2539925,2539925,
482,https://www.pixiv.net/users/16507889,16507889,
483,https://www.pixiv.net/users/33778959,33778959,
484,https://www.pixiv.net/users/13984837,13984837,
485,https://www.pixiv.net/users/33718285,33718285,
486,https://www.pixiv.net/users/10123628,10123628,
487,https://www.pixiv.net/users/36951223,36951223,
488,https://www.pixiv.net/users/40497746,40497746,
489,https://www.pixiv.net/users/3302692,3302692,
490,https://www.pixiv.net/users/867590,867590,
491,https://www.pixiv.net/users/5873802,5873802,
492,https://www.pixiv.net/users/5838770,5838770,
493,https://www.pixiv.net/users/1398543,1398543,
494,https://www.pixiv.net/users/944707,944707,
495,https://www.pixiv.net/users/1565632,1565632,
496,https://www.pixiv.net/users/409226,409226,
497,https://www.pixiv.net/users/2139425,2139425,
498,https://www.pixiv.net/users/3200523,3200523,
499,https://www.pixiv.net/users/1578161,1578161,
500,https://www.pixiv.net/users/10986873,10986873,
501,https://www.pixiv.net/users/51006201,51006201,
502,https://www.pixiv.net/users/43567305,43567305,
503,https://www.pixiv.net/users/22039320,22039320,
504,https://www.pixiv.net/users/4310379,4310379,
505,https://www.pixiv.net/users/33844486,33844486,
506,https://www.pixiv.net/users/37385887,37385887,
507,https://www.pixiv.net/users/15141389,15141389,
508,https://www.pixiv.net/users/34279906,34279906,
509,https://www.pixiv.net/users/45587243,45587243,
510,https://www.pixiv.net/users/8760572,8760572,
511,https://www.pixiv.net/users/28130295,28130295,
512,https://www.pixiv.net/users/4762860,4762860,
513,https://www.pixiv.net/users/4134835,4134835,
514,https://www.pixiv.net/users/7618326,7618326,
515,https://www.pixiv.net/users/24239098,24239098,
516,https://www.pixiv.net/users/12800994,12800994,
517,https://www.pixiv.net/users/3710027,3710027,
518,https://www.pixiv.net/users/45401387,45401387,
519,https://www.pixiv.net/users/17013116,17013116,
520,https://www.pixiv.net/users/13765263,13765263,
521,https://www.pixiv.net/users/12467796,12467796,
522,https://www.pixiv.net/users/6070783,6070783,
523,https://www.pixiv.net/users/31726112,31726112,
524,https://www.pixiv.net/users/27890843,27890843,
525,https://www.pixiv.net/users/17408885,17408885,
526,https://www.pixiv.net/users/14576099,14576099,
527,https://www.pixiv.net/users/15558289,15558289,
528,https://www.pixiv.net/users/168058,168058,
529,https://www.pixiv.net/users/4462245,4462245,
530,https://www.pixiv.net/users/420509,420509,
531,https://www.pixiv.net/users/4754550,4754550,
532,https://www.pixiv.net/users/9212166,9212166,
533,https://www.pixiv.net/users/58338,58338,
534,https://www.pixiv.net/users/431873,431873,
535,https://www.pixiv.net/users/2106422,2106422,
536,https://www.pixiv.net/users/9556348,9556348,
537,https://www.pixiv.net/users/9366475,9366475,
538,https://www.pixiv.net/users/52141,52141,
539,https://www.pixiv.net/users/10292,10292,
540,https://www.pixiv.net/users/10495320,10495320,
541,https://www.pixiv.net/users/483730,483730,
542,https://www.pixiv.net/users/17810,17810,
543,https://www.pixiv.net/users/1039353,1039353,
544,https://www.pixiv.net/users/944220,944220,
545,https://www.pixiv.net/users/337971,337971,
546,https://www.pixiv.net/users/4733565,4733565,
547,https://www.pixiv.net/users/1655331,1655331,
548,https://www.pixiv.net/users/1023317,1023317,
549,https://www.pixiv.net/users/177784,177784,
550,https://www.pixiv.net/users/1113943,1113943,
551,https://www.pixiv.net/users/29018948,29018948,
552,https://www.pixiv.net/users/29886428,29886428,
553,https://www.pixiv.net/users/19325193,19325193,
554,https://www.pixiv.net/users/671593,671593,
555,https://www.pixiv.net/users/2816506,2816506,
556,https://www.pixiv.net/users/3806145,3806145,
557,https://www.pixiv.net/users/9234,9234,
558,https://www.pixiv.net/users/9427,9427,
559,https://www.pixiv.net/users/216403,216403,
560,https://www.pixiv.net/users/4338012,4338012,
561,https://www.pixiv.net/users/853087,853087,
562,https://www.pixiv.net/users/2696273,2696273,
563,https://www.pixiv.net/users/212801,212801,
564,https://www.pixiv.net/users/6996493,6996493,
565,https://www.pixiv.net/users/490219,490219,
566,https://www.pixiv.net/users/341433,341433,
567,https://www.pixiv.net/users/27517,27517,
568,https://www.pixiv.net/users/1107750,1107750,
569,https://www.pixiv.net/users/3569577,3569577,
570,https://www.pixiv.net/users/673438,673438,
571,https://www.pixiv.net/users/31068879,31068879,
572,https://www.pixiv.net/users/12392717,12392717,
573,https://www.pixiv.net/users/4006137,4006137,
574,https://www.pixiv.net/users/5304046,5304046,
575,https://www.pixiv.net/users/1878082,1878082,
576,https://www.pixiv.net/users/9016,9016,
577,https://www.pixiv.net/users/7914067,7914067,
578,https://www.pixiv.net/users/3937352,3937352,
579,https://www.pixiv.net/users/14212838,14212838,
580,https://www.pixiv.net/users/28939313,28939313,
581,https://www.pixiv.net/users/11525425,11525425,
582,https://www.pixiv.net/users/13804302,13804302,
583,https://www.pixiv.net/users/14561023,14561023,
584,https://www.pixiv.net/users/25126073,25126073,
585,https://www.pixiv.net/users/5851220,5851220,
586,https://www.pixiv.net/users/36714631,36714631,
587,https://www.pixiv.net/users/36534524,36534524,
588,https://www.pixiv.net/users/1864423,1864423,
589,https://www.pixiv.net/users/133419,133419,
590,https://www.pixiv.net/users/24048889,24048889,
591,https://www.pixiv.net/users/341747,341747,
592,https://www.pixiv.net/users/61513,61513,
